{
"lengthUnit": "mil",
"components": {
	"fields": ["COMPONENT_NO", "COMPONENT_NAME", "LAYER", "X_COORDINATE", "Y_COORDINATE", "ANGLE"],
	"rows": [
		[1, "B1", "T", 159.22, -918.6, 90],
		[2, "SW1", "T", 135, -545, 90],
		[3, "U", "T", 490, -655, 0],
		[4, "U6", "T", 505, -820, 180],
		[5, "PAD1", "T", 670, -50, 0],
		[6, "PAD1", "B", 670, -50, 0],
		[7, "PAD2", "T", 545, -50, 0],
		[8, "PAD2", "B", 545, -50, 0],
		[9, "PAD3", "T", 70, -65, 0],
		[10, "PAD3", "B", 70, -65, 0]
	]
},
"pins": {
	"fields": ["PIN_NO", "PIN_NAME", "PIN_X", "PIN_Y", "LAYER", "PIN_TYPE", "NET_NAME", "NET_TYPE", "PAD_SHAPE", "PAD_SIZEX", "PAD_SIZEY", "HOLE_SIZE", "PAD_ANGLE"],
	"rows": [
		[1, "B1_1", 110, -1017.03, "T", "DIP", "$1N821", "", "C", 60, 60, 39.37, 90],
		[2, "B1_1", 110, -1017.03, "B", "DIP", "$1N821", "", "C", 60, 60, 39.37, 90],
		[3, "B1_2", 110, -820.18, "T", "DIP", "GND", "GND", "C", 60, 60, 39.37, 90],
		[4, "B1_2", 110, -820.18, "B", "DIP", "GND", "GND", "C", 60, 60, 39.37, 90],
		[5, "SW1_1", 95, -463.43, "T", "DIP", "BAT-", "", "C", 60, 60, 36, 90],
		[6, "SW1_1", 95, -463.43, "B", "DIP", "BAT-", "", "C", 60, 60, 36, 90],
		[7, "SW1_2", 95, -365, "T", "DIP", "$1N588", "", "C", 60, 60, 36, 90],
		[8, "SW1_2", 95, -365, "B", "DIP", "$1N588", "", "C", 60, 60, 36, 90],
		[9, "SW1_3", 95, -266.57, "T", "DIP", "SW1_3", "", "C", 60, 60, 36, 90],
		[10, "SW1_3", 95, -266.57, "B", "DIP", "SW1_3", "", "C", 60, 60, 36, 90],
		[11, "U_1", 790, -50, "T", "DIP", "BAT+", "", "C", 70.87, 70.87, 47.24, 180],
		[12, "U_1", 790, -50, "B", "DIP", "BAT+", "", "C", 70.87, 70.87, 47.24, 180],
		[13, "U_2", 790, -150, "T", "DIP", "U_2", "", "C", 70.87, 70.87, 47.24, 180],
		[14, "U_2", 790, -150, "B", "DIP", "U_2", "", "C", 70.87, 70.87, 47.24, 180],
		[15, "U_3", 790, -250, "T", "DIP", "GND", "GND", "C", 70.87, 70.87, 47.24, 180],
		[16, "U_3", 790, -250, "B", "DIP", "GND", "GND", "C", 70.87, 70.87, 47.24, 180],
		[17, "U_4", 790, -350, "T", "DIP", "$1N821", "", "C", 70.87, 70.87, 47.24, 180],
		[18, "U_4", 790, -350, "B", "DIP", "$1N821", "", "C", 70.87, 70.87, 47.24, 180],
		[19, "U_5", 790, -450, "T", "DIP", "VCC", "", "C", 70.87, 70.87, 47.24, 180],
		[20, "U_5", 790, -450, "B", "DIP", "VCC", "", "C", 70.87, 70.87, 47.24, 180],
		[21, "U_21", 196.26, -550, "T", "DIP", "INT", "", "C", 70.87, 70.87, 47.24, 180],
		[22, "U_21", 196.26, -550, "B", "DIP", "INT", "", "C", 70.87, 70.87, 47.24, 180],
		[23, "U_24", 196.26, -250, "T", "DIP", "SCL", "", "C", 70.87, 70.87, 47.24, 180],
		[24, "U_24", 196.26, -250, "B", "DIP", "SCL", "", "C", 70.87, 70.87, 47.24, 180],
		[25, "U_25", 196.26, -150, "T", "DIP", "SDA", "", "C", 70.87, 70.87, 47.24, 180],
		[26, "U_25", 196.26, -150, "B", "DIP", "SDA", "", "C", 70.87, 70.87, 47.24, 180],
		[27, "U_26", 196.26, -50, "T", "DIP", "$1N588", "", "C", 70.87, 70.87, 47.24, 180],
		[28, "U_26", 196.26, -50, "B", "DIP", "$1N588", "", "C", 70.87, 70.87, 47.24, 180],
		[29, "U6_1", 750, -1270, "T", "DIP", "VCC", "", "R", 70.87, 188.98, 160, 90],
		[30, "U6_1", 750, -1270, "B", "DIP", "VCC", "", "R", 70.87, 188.98, 160, 90],
		[31, "U6_2", 750, -1170, "T", "DIP", "GND", "GND", "O", 70.87, 188.98, 160, 90],
		[32, "U6_2", 750, -1170, "B", "DIP", "GND", "GND", "O", 70.87, 188.98, 160, 90],
		[33, "U6_3", 750, -1070, "T", "DIP", "GND", "GND", "O", 70.87, 188.98, 160, 90],
		[34, "U6_3", 750, -1070, "B", "DIP", "GND", "GND", "O", 70.87, 188.98, 160, 90],
		[35, "U6_4", 750, -970, "T", "DIP", "SDA", "", "O", 70.87, 188.98, 160, 90],
		[36, "U6_4", 750, -970, "B", "DIP", "SDA", "", "O", 70.87, 188.98, 160, 90],
		[37, "U6_5", 750, -870, "T", "DIP", "SCL", "", "O", 70.87, 188.98, 160, 90],
		[38, "U6_5", 750, -870, "B", "DIP", "SCL", "", "O", 70.87, 188.98, 160, 90],
		[39, "U6_6", 750, -770, "T", "DIP", "U6_6", "", "O", 70.87, 188.98, 160, 90],
		[40, "U6_6", 750, -770, "B", "DIP", "U6_6", "", "O", 70.87, 188.98, 160, 90],
		[41, "U6_7", 750, -670, "T", "DIP", "INT", "", "O", 70.87, 188.98, 160, 90],
		[42, "U6_7", 750, -670, "B", "DIP", "INT", "", "O", 70.87, 188.98, 160, 90],
		[43, "PAD1_1", 670, -50, "T", "DIP", "BAT+", "", "R", 80, 80, 48, 0],
		[44, "PAD1_1", 670, -50, "B", "DIP", "BAT+", "", "R", 80, 80, 48, 0],
		[45, "PAD2_2", 545, -50, "T", "DIP", "BAT-", "", "C", 80, 80, 48, 0],
		[46, "PAD2_2", 545, -50, "B", "DIP", "BAT-", "", "C", 80, 80, 48, 0],
		[47, "PAD3_1", 70, -65, "T", "DIP", "GND", "GND", "C", 118.11, 118.11, 82.68, 0],
		[48, "PAD3_1", 70, -65, "B", "DIP", "GND", "GND", "C", 118.11, 118.11, 82.68, 0]
	]
}
}